Mutation type,Trinucleotide,A_48260702
C>A,ACA,25
C>A,ACC,15
C>A,ACG,3
C>A,ACT,31
C>A,CCA,17
C>A,CCC,19
C>A,CCG,2
C>A,CCT,10
C>A,GCA,31
C>A,GCC,15
C>A,GCG,4
C>A,GCT,52
C>A,TCA,43
C>A,TCC,21
C>A,TCG,5
C>A,TCT,89
C>G,ACA,14
C>G,ACC,6
C>G,ACG,0
C>G,ACT,3
C>G,CCA,3
C>G,CCC,2
C>G,CCG,1
C>G,CCT,6
C>G,GCA,2
C>G,GCC,1
C>G,GCG,0
C>G,GCT,5
C>G,TCA,5
C>G,TCC,5
C>G,TCG,1
C>G,TCT,13
C>T,ACA,33
C>T,ACC,14
C>T,ACG,45
C>T,ACT,13
C>T,CCA,23
C>T,CCC,18
C>T,CCG,25
C>T,CCT,11
C>T,GCA,13
C>T,GCC,9
C>T,GCG,31
C>T,GCT,13
C>T,TCA,19
C>T,TCC,18
C>T,TCG,20
C>T,TCT,17
T>A,ATA,9
T>A,ATC,6
T>A,ATG,6
T>A,ATT,19
T>A,CTA,2
T>A,CTC,10
T>A,CTG,3
T>A,CTT,8
T>A,GTA,0
T>A,GTC,1
T>A,GTG,12
T>A,GTT,4
T>A,TTA,13
T>A,TTC,1
T>A,TTG,2
T>A,TTT,16
T>C,ATA,18
T>C,ATC,7
T>C,ATG,6
T>C,ATT,10
T>C,CTA,3
T>C,CTC,9
T>C,CTG,11
T>C,CTT,25
T>C,GTA,5
T>C,GTC,11
T>C,GTG,7
T>C,GTT,7
T>C,TTA,3
T>C,TTC,4
T>C,TTG,4
T>C,TTT,14
T>G,ATA,6
T>G,ATC,2
T>G,ATG,3
T>G,ATT,15
T>G,CTA,2
T>G,CTC,5
T>G,CTG,3
T>G,CTT,33
T>G,GTA,1
T>G,GTC,1
T>G,GTG,13
T>G,GTT,20
T>G,TTA,1
T>G,TTC,1
T>G,TTG,9
T>G,TTT,18
