Mutation type,Trinucleotide,A_48240801
C>A,ACA,33
C>A,ACC,16
C>A,ACG,3
C>A,ACT,25
C>A,CCA,19
C>A,CCC,17
C>A,CCG,0
C>A,CCT,15
C>A,GCA,25
C>A,GCC,13
C>A,GCG,2
C>A,GCT,35
C>A,TCA,25
C>A,TCC,23
C>A,TCG,4
C>A,TCT,51
C>G,ACA,12
C>G,ACC,5
C>G,ACG,1
C>G,ACT,2
C>G,CCA,2
C>G,CCC,5
C>G,CCG,0
C>G,CCT,4
C>G,GCA,1
C>G,GCC,1
C>G,GCG,0
C>G,GCT,2
C>G,TCA,7
C>G,TCC,7
C>G,TCG,0
C>G,TCT,10
C>T,ACA,25
C>T,ACC,9
C>T,ACG,40
C>T,ACT,11
C>T,CCA,9
C>T,CCC,14
C>T,CCG,23
C>T,CCT,4
C>T,GCA,8
C>T,GCC,7
C>T,GCG,26
C>T,GCT,12
C>T,TCA,12
C>T,TCC,9
C>T,TCG,17
C>T,TCT,13
T>A,ATA,12
T>A,ATC,1
T>A,ATG,2
T>A,ATT,19
T>A,CTA,1
T>A,CTC,8
T>A,CTG,3
T>A,CTT,7
T>A,GTA,0
T>A,GTC,6
T>A,GTG,4
T>A,GTT,7
T>A,TTA,14
T>A,TTC,1
T>A,TTG,2
T>A,TTT,8
T>C,ATA,12
T>C,ATC,4
T>C,ATG,10
T>C,ATT,5
T>C,CTA,5
T>C,CTC,7
T>C,CTG,8
T>C,CTT,18
T>C,GTA,3
T>C,GTC,4
T>C,GTG,4
T>C,GTT,5
T>C,TTA,7
T>C,TTC,10
T>C,TTG,2
T>C,TTT,7
T>G,ATA,4
T>G,ATC,2
T>G,ATG,4
T>G,ATT,8
T>G,CTA,5
T>G,CTC,1
T>G,CTG,3
T>G,CTT,24
T>G,GTA,1
T>G,GTC,1
T>G,GTG,12
T>G,GTT,15
T>G,TTA,0
T>G,TTC,0
T>G,TTG,9
T>G,TTT,17
