Mutation type,Trinucleotide,A_48260705
C>A,ACA,26
C>A,ACC,12
C>A,ACG,3
C>A,ACT,27
C>A,CCA,17
C>A,CCC,18
C>A,CCG,2
C>A,CCT,10
C>A,GCA,24
C>A,GCC,18
C>A,GCG,4
C>A,GCT,44
C>A,TCA,44
C>A,TCC,22
C>A,TCG,3
C>A,TCT,87
C>G,ACA,22
C>G,ACC,2
C>G,ACG,0
C>G,ACT,3
C>G,CCA,3
C>G,CCC,3
C>G,CCG,1
C>G,CCT,3
C>G,GCA,1
C>G,GCC,4
C>G,GCG,0
C>G,GCT,5
C>G,TCA,3
C>G,TCC,2
C>G,TCG,0
C>G,TCT,12
C>T,ACA,36
C>T,ACC,13
C>T,ACG,41
C>T,ACT,13
C>T,CCA,14
C>T,CCC,15
C>T,CCG,30
C>T,CCT,11
C>T,GCA,12
C>T,GCC,12
C>T,GCG,25
C>T,GCT,13
C>T,TCA,16
C>T,TCC,18
C>T,TCG,20
C>T,TCT,19
T>A,ATA,10
T>A,ATC,3
T>A,ATG,8
T>A,ATT,18
T>A,CTA,1
T>A,CTC,9
T>A,CTG,3
T>A,CTT,6
T>A,GTA,1
T>A,GTC,2
T>A,GTG,8
T>A,GTT,4
T>A,TTA,15
T>A,TTC,2
T>A,TTG,3
T>A,TTT,16
T>C,ATA,15
T>C,ATC,8
T>C,ATG,6
T>C,ATT,9
T>C,CTA,3
T>C,CTC,9
T>C,CTG,7
T>C,CTT,23
T>C,GTA,10
T>C,GTC,7
T>C,GTG,8
T>C,GTT,8
T>C,TTA,5
T>C,TTC,5
T>C,TTG,4
T>C,TTT,14
T>G,ATA,10
T>G,ATC,1
T>G,ATG,1
T>G,ATT,23
T>G,CTA,2
T>G,CTC,3
T>G,CTG,5
T>G,CTT,38
T>G,GTA,1
T>G,GTC,1
T>G,GTG,11
T>G,GTT,14
T>G,TTA,3
T>G,TTC,1
T>G,TTG,6
T>G,TTT,16
