Mutation type,Trinucleotide,A_48190801
C>A,ACA,27
C>A,ACC,10
C>A,ACG,3
C>A,ACT,16
C>A,CCA,12
C>A,CCC,19
C>A,CCG,3
C>A,CCT,11
C>A,GCA,30
C>A,GCC,7
C>A,GCG,3
C>A,GCT,35
C>A,TCA,26
C>A,TCC,17
C>A,TCG,3
C>A,TCT,82
C>G,ACA,3
C>G,ACC,4
C>G,ACG,0
C>G,ACT,4
C>G,CCA,0
C>G,CCC,2
C>G,CCG,0
C>G,CCT,0
C>G,GCA,4
C>G,GCC,2
C>G,GCG,1
C>G,GCT,4
C>G,TCA,1
C>G,TCC,2
C>G,TCG,0
C>G,TCT,6
C>T,ACA,14
C>T,ACC,4
C>T,ACG,40
C>T,ACT,7
C>T,CCA,13
C>T,CCC,11
C>T,CCG,28
C>T,CCT,13
C>T,GCA,7
C>T,GCC,9
C>T,GCG,34
C>T,GCT,5
C>T,TCA,3
C>T,TCC,12
C>T,TCG,19
C>T,TCT,17
T>A,ATA,4
T>A,ATC,0
T>A,ATG,3
T>A,ATT,8
T>A,CTA,2
T>A,CTC,4
T>A,CTG,3
T>A,CTT,7
T>A,GTA,0
T>A,GTC,0
T>A,GTG,3
T>A,GTT,3
T>A,TTA,10
T>A,TTC,2
T>A,TTG,0
T>A,TTT,11
T>C,ATA,10
T>C,ATC,4
T>C,ATG,4
T>C,ATT,4
T>C,CTA,2
T>C,CTC,6
T>C,CTG,3
T>C,CTT,13
T>C,GTA,7
T>C,GTC,8
T>C,GTG,6
T>C,GTT,3
T>C,TTA,6
T>C,TTC,7
T>C,TTG,2
T>C,TTT,9
T>G,ATA,4
T>G,ATC,2
T>G,ATG,4
T>G,ATT,5
T>G,CTA,2
T>G,CTC,3
T>G,CTG,4
T>G,CTT,22
T>G,GTA,1
T>G,GTC,1
T>G,GTG,9
T>G,GTT,12
T>G,TTA,1
T>G,TTC,2
T>G,TTG,5
T>G,TTT,6
