Mutation type,Trinucleotide,A_48030705
C>A,ACA,26
C>A,ACC,13
C>A,ACG,5
C>A,ACT,24
C>A,CCA,12
C>A,CCC,30
C>A,CCG,2
C>A,CCT,17
C>A,GCA,40
C>A,GCC,17
C>A,GCG,1
C>A,GCT,52
C>A,TCA,31
C>A,TCC,26
C>A,TCG,1
C>A,TCT,79
C>G,ACA,10
C>G,ACC,1
C>G,ACG,2
C>G,ACT,1
C>G,CCA,1
C>G,CCC,2
C>G,CCG,0
C>G,CCT,2
C>G,GCA,6
C>G,GCC,3
C>G,GCG,0
C>G,GCT,1
C>G,TCA,1
C>G,TCC,5
C>G,TCG,0
C>G,TCT,10
C>T,ACA,31
C>T,ACC,12
C>T,ACG,44
C>T,ACT,13
C>T,CCA,14
C>T,CCC,15
C>T,CCG,26
C>T,CCT,8
C>T,GCA,10
C>T,GCC,7
C>T,GCG,24
C>T,GCT,12
C>T,TCA,16
C>T,TCC,15
C>T,TCG,19
C>T,TCT,20
T>A,ATA,7
T>A,ATC,1
T>A,ATG,3
T>A,ATT,11
T>A,CTA,2
T>A,CTC,7
T>A,CTG,2
T>A,CTT,13
T>A,GTA,1
T>A,GTC,2
T>A,GTG,3
T>A,GTT,2
T>A,TTA,17
T>A,TTC,5
T>A,TTG,2
T>A,TTT,9
T>C,ATA,11
T>C,ATC,13
T>C,ATG,5
T>C,ATT,3
T>C,CTA,5
T>C,CTC,8
T>C,CTG,9
T>C,CTT,28
T>C,GTA,4
T>C,GTC,7
T>C,GTG,7
T>C,GTT,9
T>C,TTA,9
T>C,TTC,8
T>C,TTG,6
T>C,TTT,13
T>G,ATA,6
T>G,ATC,2
T>G,ATG,0
T>G,ATT,14
T>G,CTA,1
T>G,CTC,4
T>G,CTG,2
T>G,CTT,23
T>G,GTA,1
T>G,GTC,3
T>G,GTG,6
T>G,GTT,7
T>G,TTA,1
T>G,TTC,1
T>G,TTG,2
T>G,TTT,13
