Mutation type,Trinucleotide,A_48020704
C>A,ACA,32
C>A,ACC,12
C>A,ACG,2
C>A,ACT,19
C>A,CCA,12
C>A,CCC,22
C>A,CCG,3
C>A,CCT,16
C>A,GCA,22
C>A,GCC,11
C>A,GCG,0
C>A,GCT,38
C>A,TCA,37
C>A,TCC,24
C>A,TCG,4
C>A,TCT,94
C>G,ACA,9
C>G,ACC,3
C>G,ACG,0
C>G,ACT,3
C>G,CCA,3
C>G,CCC,0
C>G,CCG,0
C>G,CCT,7
C>G,GCA,3
C>G,GCC,1
C>G,GCG,0
C>G,GCT,4
C>G,TCA,4
C>G,TCC,4
C>G,TCG,0
C>G,TCT,10
C>T,ACA,17
C>T,ACC,7
C>T,ACG,40
C>T,ACT,16
C>T,CCA,5
C>T,CCC,11
C>T,CCG,29
C>T,CCT,15
C>T,GCA,9
C>T,GCC,14
C>T,GCG,37
C>T,GCT,11
C>T,TCA,11
C>T,TCC,20
C>T,TCG,7
C>T,TCT,26
T>A,ATA,14
T>A,ATC,2
T>A,ATG,5
T>A,ATT,13
T>A,CTA,4
T>A,CTC,2
T>A,CTG,2
T>A,CTT,7
T>A,GTA,1
T>A,GTC,0
T>A,GTG,10
T>A,GTT,4
T>A,TTA,13
T>A,TTC,2
T>A,TTG,2
T>A,TTT,8
T>C,ATA,19
T>C,ATC,9
T>C,ATG,8
T>C,ATT,14
T>C,CTA,0
T>C,CTC,7
T>C,CTG,8
T>C,CTT,17
T>C,GTA,8
T>C,GTC,10
T>C,GTG,6
T>C,GTT,8
T>C,TTA,2
T>C,TTC,12
T>C,TTG,5
T>C,TTT,8
T>G,ATA,6
T>G,ATC,3
T>G,ATG,2
T>G,ATT,8
T>G,CTA,2
T>G,CTC,8
T>G,CTG,3
T>G,CTT,17
T>G,GTA,1
T>G,GTC,2
T>G,GTG,6
T>G,GTT,18
T>G,TTA,1
T>G,TTC,0
T>G,TTG,3
T>G,TTT,17
