Mutation type,Trinucleotide,A_48240803
C>A,ACA,42
C>A,ACC,12
C>A,ACG,2
C>A,ACT,25
C>A,CCA,14
C>A,CCC,31
C>A,CCG,2
C>A,CCT,19
C>A,GCA,39
C>A,GCC,5
C>A,GCG,2
C>A,GCT,46
C>A,TCA,34
C>A,TCC,21
C>A,TCG,2
C>A,TCT,65
C>G,ACA,17
C>G,ACC,5
C>G,ACG,0
C>G,ACT,3
C>G,CCA,1
C>G,CCC,0
C>G,CCG,2
C>G,CCT,0
C>G,GCA,2
C>G,GCC,3
C>G,GCG,0
C>G,GCT,3
C>G,TCA,2
C>G,TCC,5
C>G,TCG,0
C>G,TCT,11
C>T,ACA,23
C>T,ACC,15
C>T,ACG,52
C>T,ACT,8
C>T,CCA,8
C>T,CCC,22
C>T,CCG,32
C>T,CCT,17
C>T,GCA,8
C>T,GCC,10
C>T,GCG,41
C>T,GCT,13
C>T,TCA,11
C>T,TCC,21
C>T,TCG,15
C>T,TCT,17
T>A,ATA,7
T>A,ATC,1
T>A,ATG,5
T>A,ATT,11
T>A,CTA,1
T>A,CTC,4
T>A,CTG,2
T>A,CTT,8
T>A,GTA,1
T>A,GTC,4
T>A,GTG,4
T>A,GTT,3
T>A,TTA,11
T>A,TTC,1
T>A,TTG,2
T>A,TTT,8
T>C,ATA,11
T>C,ATC,6
T>C,ATG,6
T>C,ATT,12
T>C,CTA,1
T>C,CTC,8
T>C,CTG,6
T>C,CTT,15
T>C,GTA,6
T>C,GTC,12
T>C,GTG,6
T>C,GTT,7
T>C,TTA,3
T>C,TTC,5
T>C,TTG,3
T>C,TTT,5
T>G,ATA,5
T>G,ATC,1
T>G,ATG,4
T>G,ATT,7
T>G,CTA,1
T>G,CTC,1
T>G,CTG,0
T>G,CTT,31
T>G,GTA,2
T>G,GTC,0
T>G,GTG,5
T>G,GTT,13
T>G,TTA,2
T>G,TTC,1
T>G,TTG,3
T>G,TTT,9
