Mutation type,Trinucleotide,A_48020705
C>A,ACA,20
C>A,ACC,10
C>A,ACG,1
C>A,ACT,16
C>A,CCA,15
C>A,CCC,23
C>A,CCG,2
C>A,CCT,12
C>A,GCA,25
C>A,GCC,13
C>A,GCG,0
C>A,GCT,40
C>A,TCA,27
C>A,TCC,19
C>A,TCG,5
C>A,TCT,70
C>G,ACA,6
C>G,ACC,4
C>G,ACG,1
C>G,ACT,4
C>G,CCA,2
C>G,CCC,2
C>G,CCG,0
C>G,CCT,4
C>G,GCA,4
C>G,GCC,4
C>G,GCG,0
C>G,GCT,4
C>G,TCA,2
C>G,TCC,1
C>G,TCG,0
C>G,TCT,9
C>T,ACA,17
C>T,ACC,12
C>T,ACG,38
C>T,ACT,9
C>T,CCA,10
C>T,CCC,10
C>T,CCG,26
C>T,CCT,17
C>T,GCA,9
C>T,GCC,13
C>T,GCG,40
C>T,GCT,12
C>T,TCA,9
C>T,TCC,13
C>T,TCG,11
C>T,TCT,25
T>A,ATA,6
T>A,ATC,2
T>A,ATG,4
T>A,ATT,14
T>A,CTA,0
T>A,CTC,5
T>A,CTG,5
T>A,CTT,8
T>A,GTA,0
T>A,GTC,1
T>A,GTG,8
T>A,GTT,4
T>A,TTA,11
T>A,TTC,2
T>A,TTG,1
T>A,TTT,9
T>C,ATA,11
T>C,ATC,10
T>C,ATG,4
T>C,ATT,7
T>C,CTA,0
T>C,CTC,9
T>C,CTG,5
T>C,CTT,14
T>C,GTA,5
T>C,GTC,15
T>C,GTG,8
T>C,GTT,4
T>C,TTA,3
T>C,TTC,11
T>C,TTG,6
T>C,TTT,8
T>G,ATA,4
T>G,ATC,2
T>G,ATG,1
T>G,ATT,5
T>G,CTA,6
T>G,CTC,4
T>G,CTG,5
T>G,CTT,22
T>G,GTA,1
T>G,GTC,1
T>G,GTG,8
T>G,GTT,9
T>G,TTA,2
T>G,TTC,1
T>G,TTG,3
T>G,TTT,9
