Mutation type,Trinucleotide,A_48230803
C>A,ACA,16
C>A,ACC,5
C>A,ACG,1
C>A,ACT,8
C>A,CCA,3
C>A,CCC,12
C>A,CCG,1
C>A,CCT,12
C>A,GCA,15
C>A,GCC,5
C>A,GCG,0
C>A,GCT,20
C>A,TCA,19
C>A,TCC,13
C>A,TCG,0
C>A,TCT,38
C>G,ACA,4
C>G,ACC,1
C>G,ACG,0
C>G,ACT,4
C>G,CCA,3
C>G,CCC,2
C>G,CCG,0
C>G,CCT,2
C>G,GCA,3
C>G,GCC,1
C>G,GCG,0
C>G,GCT,2
C>G,TCA,1
C>G,TCC,2
C>G,TCG,0
C>G,TCT,4
C>T,ACA,11
C>T,ACC,6
C>T,ACG,44
C>T,ACT,9
C>T,CCA,4
C>T,CCC,5
C>T,CCG,21
C>T,CCT,13
C>T,GCA,10
C>T,GCC,9
C>T,GCG,23
C>T,GCT,6
C>T,TCA,8
C>T,TCC,13
C>T,TCG,13
C>T,TCT,11
T>A,ATA,7
T>A,ATC,5
T>A,ATG,1
T>A,ATT,7
T>A,CTA,2
T>A,CTC,3
T>A,CTG,2
T>A,CTT,5
T>A,GTA,1
T>A,GTC,1
T>A,GTG,3
T>A,GTT,2
T>A,TTA,9
T>A,TTC,0
T>A,TTG,4
T>A,TTT,7
T>C,ATA,8
T>C,ATC,4
T>C,ATG,4
T>C,ATT,5
T>C,CTA,1
T>C,CTC,6
T>C,CTG,1
T>C,CTT,11
T>C,GTA,4
T>C,GTC,4
T>C,GTG,4
T>C,GTT,5
T>C,TTA,2
T>C,TTC,3
T>C,TTG,1
T>C,TTT,2
T>G,ATA,3
T>G,ATC,2
T>G,ATG,3
T>G,ATT,8
T>G,CTA,1
T>G,CTC,1
T>G,CTG,2
T>G,CTT,13
T>G,GTA,0
T>G,GTC,1
T>G,GTG,7
T>G,GTT,7
T>G,TTA,4
T>G,TTC,3
T>G,TTG,3
T>G,TTT,10
