Mutation type,Trinucleotide,A_48230802
C>A,ACA,30
C>A,ACC,13
C>A,ACG,0
C>A,ACT,17
C>A,CCA,16
C>A,CCC,18
C>A,CCG,0
C>A,CCT,16
C>A,GCA,20
C>A,GCC,15
C>A,GCG,3
C>A,GCT,36
C>A,TCA,21
C>A,TCC,15
C>A,TCG,3
C>A,TCT,63
C>G,ACA,6
C>G,ACC,3
C>G,ACG,1
C>G,ACT,4
C>G,CCA,2
C>G,CCC,4
C>G,CCG,0
C>G,CCT,3
C>G,GCA,2
C>G,GCC,0
C>G,GCG,1
C>G,GCT,2
C>G,TCA,6
C>G,TCC,1
C>G,TCG,0
C>G,TCT,6
C>T,ACA,19
C>T,ACC,9
C>T,ACG,39
C>T,ACT,5
C>T,CCA,12
C>T,CCC,9
C>T,CCG,28
C>T,CCT,14
C>T,GCA,7
C>T,GCC,5
C>T,GCG,23
C>T,GCT,12
C>T,TCA,6
C>T,TCC,11
C>T,TCG,25
C>T,TCT,20
T>A,ATA,2
T>A,ATC,3
T>A,ATG,2
T>A,ATT,15
T>A,CTA,5
T>A,CTC,3
T>A,CTG,0
T>A,CTT,7
T>A,GTA,2
T>A,GTC,0
T>A,GTG,4
T>A,GTT,2
T>A,TTA,13
T>A,TTC,2
T>A,TTG,2
T>A,TTT,7
T>C,ATA,15
T>C,ATC,3
T>C,ATG,3
T>C,ATT,6
T>C,CTA,3
T>C,CTC,7
T>C,CTG,3
T>C,CTT,20
T>C,GTA,6
T>C,GTC,3
T>C,GTG,7
T>C,GTT,8
T>C,TTA,0
T>C,TTC,8
T>C,TTG,2
T>C,TTT,7
T>G,ATA,4
T>G,ATC,2
T>G,ATG,3
T>G,ATT,1
T>G,CTA,0
T>G,CTC,3
T>G,CTG,3
T>G,CTT,18
T>G,GTA,3
T>G,GTC,1
T>G,GTG,8
T>G,GTT,9
T>G,TTA,1
T>G,TTC,5
T>G,TTG,2
T>G,TTT,17
