Mutation type,Trinucleotide,A_48020703
C>A,ACA,32
C>A,ACC,10
C>A,ACG,3
C>A,ACT,23
C>A,CCA,10
C>A,CCC,18
C>A,CCG,3
C>A,CCT,19
C>A,GCA,28
C>A,GCC,10
C>A,GCG,0
C>A,GCT,37
C>A,TCA,32
C>A,TCC,18
C>A,TCG,7
C>A,TCT,85
C>G,ACA,11
C>G,ACC,1
C>G,ACG,1
C>G,ACT,7
C>G,CCA,2
C>G,CCC,1
C>G,CCG,0
C>G,CCT,4
C>G,GCA,2
C>G,GCC,3
C>G,GCG,0
C>G,GCT,4
C>G,TCA,7
C>G,TCC,3
C>G,TCG,0
C>G,TCT,9
C>T,ACA,21
C>T,ACC,8
C>T,ACG,40
C>T,ACT,12
C>T,CCA,5
C>T,CCC,9
C>T,CCG,24
C>T,CCT,11
C>T,GCA,9
C>T,GCC,18
C>T,GCG,39
C>T,GCT,13
C>T,TCA,9
C>T,TCC,12
C>T,TCG,9
C>T,TCT,24
T>A,ATA,11
T>A,ATC,2
T>A,ATG,7
T>A,ATT,15
T>A,CTA,3
T>A,CTC,6
T>A,CTG,7
T>A,CTT,9
T>A,GTA,0
T>A,GTC,2
T>A,GTG,9
T>A,GTT,6
T>A,TTA,14
T>A,TTC,3
T>A,TTG,2
T>A,TTT,13
T>C,ATA,13
T>C,ATC,8
T>C,ATG,3
T>C,ATT,10
T>C,CTA,1
T>C,CTC,9
T>C,CTG,6
T>C,CTT,23
T>C,GTA,7
T>C,GTC,10
T>C,GTG,4
T>C,GTT,8
T>C,TTA,2
T>C,TTC,8
T>C,TTG,8
T>C,TTT,4
T>G,ATA,2
T>G,ATC,3
T>G,ATG,3
T>G,ATT,7
T>G,CTA,1
T>G,CTC,7
T>G,CTG,3
T>G,CTT,29
T>G,GTA,2
T>G,GTC,0
T>G,GTG,7
T>G,GTT,22
T>G,TTA,0
T>G,TTC,0
T>G,TTG,2
T>G,TTT,17
