Mutation type,Trinucleotide,A_48150701
C>A,ACA,25
C>A,ACC,16
C>A,ACG,2
C>A,ACT,17
C>A,CCA,19
C>A,CCC,14
C>A,CCG,1
C>A,CCT,17
C>A,GCA,31
C>A,GCC,9
C>A,GCG,5
C>A,GCT,49
C>A,TCA,36
C>A,TCC,24
C>A,TCG,3
C>A,TCT,70
C>G,ACA,9
C>G,ACC,1
C>G,ACG,0
C>G,ACT,5
C>G,CCA,3
C>G,CCC,0
C>G,CCG,0
C>G,CCT,3
C>G,GCA,0
C>G,GCC,3
C>G,GCG,0
C>G,GCT,4
C>G,TCA,7
C>G,TCC,5
C>G,TCG,0
C>G,TCT,12
C>T,ACA,21
C>T,ACC,9
C>T,ACG,44
C>T,ACT,14
C>T,CCA,15
C>T,CCC,12
C>T,CCG,24
C>T,CCT,12
C>T,GCA,11
C>T,GCC,10
C>T,GCG,42
C>T,GCT,10
C>T,TCA,14
C>T,TCC,21
C>T,TCG,16
C>T,TCT,21
T>A,ATA,7
T>A,ATC,1
T>A,ATG,2
T>A,ATT,12
T>A,CTA,1
T>A,CTC,4
T>A,CTG,2
T>A,CTT,16
T>A,GTA,2
T>A,GTC,3
T>A,GTG,9
T>A,GTT,4
T>A,TTA,10
T>A,TTC,1
T>A,TTG,2
T>A,TTT,10
T>C,ATA,17
T>C,ATC,3
T>C,ATG,8
T>C,ATT,3
T>C,CTA,5
T>C,CTC,4
T>C,CTG,4
T>C,CTT,25
T>C,GTA,6
T>C,GTC,15
T>C,GTG,7
T>C,GTT,9
T>C,TTA,6
T>C,TTC,10
T>C,TTG,2
T>C,TTT,7
T>G,ATA,7
T>G,ATC,4
T>G,ATG,4
T>G,ATT,10
T>G,CTA,2
T>G,CTC,2
T>G,CTG,6
T>G,CTT,22
T>G,GTA,1
T>G,GTC,2
T>G,GTG,10
T>G,GTT,17
T>G,TTA,0
T>G,TTC,1
T>G,TTG,2
T>G,TTT,25
