Mutation type,Trinucleotide,A_48030704
C>A,ACA,34
C>A,ACC,13
C>A,ACG,8
C>A,ACT,26
C>A,CCA,17
C>A,CCC,21
C>A,CCG,2
C>A,CCT,22
C>A,GCA,50
C>A,GCC,14
C>A,GCG,2
C>A,GCT,58
C>A,TCA,39
C>A,TCC,25
C>A,TCG,1
C>A,TCT,85
C>G,ACA,14
C>G,ACC,3
C>G,ACG,0
C>G,ACT,4
C>G,CCA,4
C>G,CCC,4
C>G,CCG,0
C>G,CCT,0
C>G,GCA,6
C>G,GCC,4
C>G,GCG,0
C>G,GCT,2
C>G,TCA,3
C>G,TCC,6
C>G,TCG,0
C>G,TCT,13
C>T,ACA,35
C>T,ACC,9
C>T,ACG,45
C>T,ACT,10
C>T,CCA,14
C>T,CCC,15
C>T,CCG,24
C>T,CCT,17
C>T,GCA,11
C>T,GCC,3
C>T,GCG,37
C>T,GCT,13
C>T,TCA,15
C>T,TCC,18
C>T,TCG,15
C>T,TCT,22
T>A,ATA,5
T>A,ATC,2
T>A,ATG,4
T>A,ATT,19
T>A,CTA,2
T>A,CTC,6
T>A,CTG,1
T>A,CTT,8
T>A,GTA,1
T>A,GTC,3
T>A,GTG,5
T>A,GTT,3
T>A,TTA,18
T>A,TTC,7
T>A,TTG,2
T>A,TTT,13
T>C,ATA,15
T>C,ATC,10
T>C,ATG,5
T>C,ATT,6
T>C,CTA,6
T>C,CTC,10
T>C,CTG,13
T>C,CTT,29
T>C,GTA,4
T>C,GTC,8
T>C,GTG,12
T>C,GTT,8
T>C,TTA,5
T>C,TTC,12
T>C,TTG,1
T>C,TTT,14
T>G,ATA,11
T>G,ATC,1
T>G,ATG,0
T>G,ATT,14
T>G,CTA,1
T>G,CTC,4
T>G,CTG,1
T>G,CTT,24
T>G,GTA,1
T>G,GTC,2
T>G,GTG,10
T>G,GTT,12
T>G,TTA,4
T>G,TTC,2
T>G,TTG,4
T>G,TTT,15
