Mutation type,Trinucleotide,A_48150702
C>A,ACA,24
C>A,ACC,16
C>A,ACG,1
C>A,ACT,15
C>A,CCA,20
C>A,CCC,24
C>A,CCG,1
C>A,CCT,22
C>A,GCA,37
C>A,GCC,4
C>A,GCG,3
C>A,GCT,48
C>A,TCA,39
C>A,TCC,26
C>A,TCG,5
C>A,TCT,71
C>G,ACA,11
C>G,ACC,3
C>G,ACG,1
C>G,ACT,3
C>G,CCA,0
C>G,CCC,2
C>G,CCG,0
C>G,CCT,4
C>G,GCA,3
C>G,GCC,2
C>G,GCG,0
C>G,GCT,7
C>G,TCA,5
C>G,TCC,5
C>G,TCG,0
C>G,TCT,9
C>T,ACA,27
C>T,ACC,8
C>T,ACG,38
C>T,ACT,14
C>T,CCA,11
C>T,CCC,14
C>T,CCG,24
C>T,CCT,11
C>T,GCA,9
C>T,GCC,10
C>T,GCG,33
C>T,GCT,12
C>T,TCA,10
C>T,TCC,22
C>T,TCG,20
C>T,TCT,23
T>A,ATA,2
T>A,ATC,0
T>A,ATG,2
T>A,ATT,14
T>A,CTA,2
T>A,CTC,4
T>A,CTG,1
T>A,CTT,12
T>A,GTA,2
T>A,GTC,1
T>A,GTG,4
T>A,GTT,2
T>A,TTA,15
T>A,TTC,1
T>A,TTG,1
T>A,TTT,10
T>C,ATA,15
T>C,ATC,3
T>C,ATG,7
T>C,ATT,4
T>C,CTA,7
T>C,CTC,4
T>C,CTG,6
T>C,CTT,19
T>C,GTA,3
T>C,GTC,12
T>C,GTG,10
T>C,GTT,8
T>C,TTA,7
T>C,TTC,11
T>C,TTG,3
T>C,TTT,3
T>G,ATA,2
T>G,ATC,2
T>G,ATG,7
T>G,ATT,9
T>G,CTA,2
T>G,CTC,2
T>G,CTG,7
T>G,CTT,16
T>G,GTA,2
T>G,GTC,1
T>G,GTG,8
T>G,GTT,16
T>G,TTA,2
T>G,TTC,1
T>G,TTG,8
T>G,TTT,18
