Mutation type,Trinucleotide,A_48240805
C>A,ACA,39
C>A,ACC,10
C>A,ACG,1
C>A,ACT,31
C>A,CCA,22
C>A,CCC,27
C>A,CCG,0
C>A,CCT,20
C>A,GCA,24
C>A,GCC,5
C>A,GCG,3
C>A,GCT,55
C>A,TCA,45
C>A,TCC,29
C>A,TCG,7
C>A,TCT,94
C>G,ACA,14
C>G,ACC,3
C>G,ACG,0
C>G,ACT,7
C>G,CCA,2
C>G,CCC,6
C>G,CCG,0
C>G,CCT,2
C>G,GCA,0
C>G,GCC,2
C>G,GCG,0
C>G,GCT,3
C>G,TCA,3
C>G,TCC,3
C>G,TCG,0
C>G,TCT,9
C>T,ACA,14
C>T,ACC,11
C>T,ACG,52
C>T,ACT,12
C>T,CCA,15
C>T,CCC,6
C>T,CCG,23
C>T,CCT,13
C>T,GCA,11
C>T,GCC,16
C>T,GCG,38
C>T,GCT,17
C>T,TCA,11
C>T,TCC,21
C>T,TCG,21
C>T,TCT,23
T>A,ATA,9
T>A,ATC,3
T>A,ATG,2
T>A,ATT,11
T>A,CTA,0
T>A,CTC,6
T>A,CTG,1
T>A,CTT,6
T>A,GTA,1
T>A,GTC,5
T>A,GTG,6
T>A,GTT,6
T>A,TTA,14
T>A,TTC,2
T>A,TTG,4
T>A,TTT,9
T>C,ATA,4
T>C,ATC,8
T>C,ATG,9
T>C,ATT,3
T>C,CTA,7
T>C,CTC,12
T>C,CTG,6
T>C,CTT,24
T>C,GTA,12
T>C,GTC,15
T>C,GTG,6
T>C,GTT,7
T>C,TTA,5
T>C,TTC,15
T>C,TTG,4
T>C,TTT,8
T>G,ATA,6
T>G,ATC,0
T>G,ATG,1
T>G,ATT,17
T>G,CTA,0
T>G,CTC,1
T>G,CTG,3
T>G,CTT,27
T>G,GTA,0
T>G,GTC,1
T>G,GTG,9
T>G,GTT,12
T>G,TTA,1
T>G,TTC,0
T>G,TTG,3
T>G,TTT,16
