Type,Subtype,Indel_size,Repeat_MH_size,A_48240804
DEL,C,1,0,8
DEL,C,1,1,1
DEL,C,1,2,1
DEL,C,1,3,1
DEL,C,1,4,0
DEL,C,1,5+,13
DEL,T,1,0,2
DEL,T,1,1,1
DEL,T,1,2,3
DEL,T,1,3,2
DEL,T,1,4,7
DEL,T,1,5+,39
INS,C,1,0,2
INS,C,1,1,0
INS,C,1,2,0
INS,C,1,3,0
INS,C,1,4,1
INS,C,1,5+,1
INS,T,1,0,3
INS,T,1,1,1
INS,T,1,2,1
INS,T,1,3,0
INS,T,1,4,1
INS,T,1,5+,23
DEL,repeats,2,0,2
DEL,repeats,2,1,1
DEL,repeats,2,2,0
DEL,repeats,2,3,0
DEL,repeats,2,4,0
DEL,repeats,2,5+,12
DEL,repeats,3,0,0
DEL,repeats,3,1,2
DEL,repeats,3,2,0
DEL,repeats,3,3,0
DEL,repeats,3,4,0
DEL,repeats,3,5+,0
DEL,repeats,4,0,0
DEL,repeats,4,1,0
DEL,repeats,4,2,0
DEL,repeats,4,3,0
DEL,repeats,4,4,0
DEL,repeats,4,5+,23
DEL,repeats,5+,0,0
DEL,repeats,5+,1,1
DEL,repeats,5+,2,2
DEL,repeats,5+,3,1
DEL,repeats,5+,4,4
DEL,repeats,5+,5+,11
INS,repeats,2,0,1
INS,repeats,2,1,1
INS,repeats,2,2,0
INS,repeats,2,3,0
INS,repeats,2,4,0
INS,repeats,2,5+,0
INS,repeats,3,0,0
INS,repeats,3,1,0
INS,repeats,3,2,0
INS,repeats,3,3,0
INS,repeats,3,4,0
INS,repeats,3,5+,1
INS,repeats,4,0,1
INS,repeats,4,1,1
INS,repeats,4,2,0
INS,repeats,4,3,0
INS,repeats,4,4,1
INS,repeats,4,5+,18
INS,repeats,5+,0,2
INS,repeats,5+,1,1
INS,repeats,5+,2,0
INS,repeats,5+,3,0
INS,repeats,5+,4,0
INS,repeats,5+,5+,6
DEL,MH,2,1,0
DEL,MH,3,1,0
DEL,MH,3,2,0
DEL,MH,4,1,0
DEL,MH,4,2,0
DEL,MH,4,3,0
DEL,MH,5+,1,0
DEL,MH,5+,2,0
DEL,MH,5+,3,0
DEL,MH,5+,4,1
DEL,MH,5+,5+,0
