Mutation type,Trinucleotide,A_48280703
C>A,ACA,23
C>A,ACC,17
C>A,ACG,2
C>A,ACT,25
C>A,CCA,15
C>A,CCC,17
C>A,CCG,1
C>A,CCT,15
C>A,GCA,42
C>A,GCC,18
C>A,GCG,3
C>A,GCT,62
C>A,TCA,30
C>A,TCC,21
C>A,TCG,5
C>A,TCT,103
C>G,ACA,5
C>G,ACC,1
C>G,ACG,2
C>G,ACT,0
C>G,CCA,2
C>G,CCC,1
C>G,CCG,1
C>G,CCT,1
C>G,GCA,1
C>G,GCC,4
C>G,GCG,0
C>G,GCT,2
C>G,TCA,4
C>G,TCC,1
C>G,TCG,0
C>G,TCT,6
C>T,ACA,21
C>T,ACC,11
C>T,ACG,29
C>T,ACT,11
C>T,CCA,7
C>T,CCC,12
C>T,CCG,15
C>T,CCT,11
C>T,GCA,11
C>T,GCC,6
C>T,GCG,30
C>T,GCT,10
C>T,TCA,7
C>T,TCC,8
C>T,TCG,25
C>T,TCT,12
T>A,ATA,5
T>A,ATC,1
T>A,ATG,3
T>A,ATT,15
T>A,CTA,4
T>A,CTC,6
T>A,CTG,2
T>A,CTT,3
T>A,GTA,1
T>A,GTC,0
T>A,GTG,1
T>A,GTT,2
T>A,TTA,11
T>A,TTC,2
T>A,TTG,4
T>A,TTT,7
T>C,ATA,9
T>C,ATC,7
T>C,ATG,8
T>C,ATT,3
T>C,CTA,4
T>C,CTC,5
T>C,CTG,6
T>C,CTT,19
T>C,GTA,5
T>C,GTC,6
T>C,GTG,2
T>C,GTT,7
T>C,TTA,3
T>C,TTC,9
T>C,TTG,5
T>C,TTT,10
T>G,ATA,3
T>G,ATC,5
T>G,ATG,2
T>G,ATT,5
T>G,CTA,5
T>G,CTC,1
T>G,CTG,2
T>G,CTT,16
T>G,GTA,1
T>G,GTC,0
T>G,GTG,6
T>G,GTT,4
T>G,TTA,1
T>G,TTC,1
T>G,TTG,7
T>G,TTT,16
