Mutation type,Trinucleotide,A_48280701
C>A,ACA,34
C>A,ACC,7
C>A,ACG,1
C>A,ACT,13
C>A,CCA,12
C>A,CCC,16
C>A,CCG,2
C>A,CCT,6
C>A,GCA,27
C>A,GCC,19
C>A,GCG,3
C>A,GCT,39
C>A,TCA,28
C>A,TCC,19
C>A,TCG,2
C>A,TCT,67
C>G,ACA,4
C>G,ACC,0
C>G,ACG,1
C>G,ACT,6
C>G,CCA,2
C>G,CCC,2
C>G,CCG,1
C>G,CCT,2
C>G,GCA,3
C>G,GCC,1
C>G,GCG,1
C>G,GCT,5
C>G,TCA,2
C>G,TCC,1
C>G,TCG,0
C>G,TCT,2
C>T,ACA,15
C>T,ACC,8
C>T,ACG,35
C>T,ACT,11
C>T,CCA,14
C>T,CCC,8
C>T,CCG,21
C>T,CCT,11
C>T,GCA,12
C>T,GCC,10
C>T,GCG,24
C>T,GCT,4
C>T,TCA,13
C>T,TCC,8
C>T,TCG,9
C>T,TCT,14
T>A,ATA,7
T>A,ATC,3
T>A,ATG,3
T>A,ATT,10
T>A,CTA,1
T>A,CTC,3
T>A,CTG,4
T>A,CTT,6
T>A,GTA,1
T>A,GTC,1
T>A,GTG,2
T>A,GTT,5
T>A,TTA,7
T>A,TTC,2
T>A,TTG,2
T>A,TTT,6
T>C,ATA,7
T>C,ATC,5
T>C,ATG,6
T>C,ATT,3
T>C,CTA,3
T>C,CTC,8
T>C,CTG,10
T>C,CTT,11
T>C,GTA,10
T>C,GTC,4
T>C,GTG,7
T>C,GTT,6
T>C,TTA,0
T>C,TTC,5
T>C,TTG,5
T>C,TTT,6
T>G,ATA,2
T>G,ATC,2
T>G,ATG,2
T>G,ATT,4
T>G,CTA,2
T>G,CTC,1
T>G,CTG,6
T>G,CTT,8
T>G,GTA,3
T>G,GTC,1
T>G,GTG,3
T>G,GTT,4
T>G,TTA,1
T>G,TTC,0
T>G,TTG,4
T>G,TTT,11
