Mutation type,Trinucleotide,A_48230801
C>A,ACA,28
C>A,ACC,12
C>A,ACG,0
C>A,ACT,16
C>A,CCA,19
C>A,CCC,19
C>A,CCG,0
C>A,CCT,17
C>A,GCA,18
C>A,GCC,9
C>A,GCG,2
C>A,GCT,37
C>A,TCA,22
C>A,TCC,13
C>A,TCG,3
C>A,TCT,61
C>G,ACA,10
C>G,ACC,2
C>G,ACG,1
C>G,ACT,4
C>G,CCA,1
C>G,CCC,2
C>G,CCG,0
C>G,CCT,2
C>G,GCA,1
C>G,GCC,1
C>G,GCG,0
C>G,GCT,4
C>G,TCA,4
C>G,TCC,1
C>G,TCG,0
C>G,TCT,10
C>T,ACA,16
C>T,ACC,14
C>T,ACG,40
C>T,ACT,3
C>T,CCA,7
C>T,CCC,4
C>T,CCG,27
C>T,CCT,7
C>T,GCA,4
C>T,GCC,5
C>T,GCG,22
C>T,GCT,8
C>T,TCA,9
C>T,TCC,11
C>T,TCG,20
C>T,TCT,17
T>A,ATA,5
T>A,ATC,3
T>A,ATG,3
T>A,ATT,14
T>A,CTA,6
T>A,CTC,3
T>A,CTG,2
T>A,CTT,8
T>A,GTA,2
T>A,GTC,1
T>A,GTG,2
T>A,GTT,3
T>A,TTA,10
T>A,TTC,4
T>A,TTG,2
T>A,TTT,12
T>C,ATA,11
T>C,ATC,6
T>C,ATG,3
T>C,ATT,7
T>C,CTA,5
T>C,CTC,6
T>C,CTG,3
T>C,CTT,18
T>C,GTA,9
T>C,GTC,9
T>C,GTG,5
T>C,GTT,9
T>C,TTA,2
T>C,TTC,11
T>C,TTG,1
T>C,TTT,8
T>G,ATA,3
T>G,ATC,3
T>G,ATG,2
T>G,ATT,6
T>G,CTA,1
T>G,CTC,2
T>G,CTG,1
T>G,CTT,36
T>G,GTA,1
T>G,GTC,2
T>G,GTG,6
T>G,GTT,11
T>G,TTA,1
T>G,TTC,3
T>G,TTG,1
T>G,TTT,17
