Mutation type,Trinucleotide,A_48150703
C>A,ACA,44
C>A,ACC,28
C>A,ACG,6
C>A,ACT,34
C>A,CCA,22
C>A,CCC,30
C>A,CCG,2
C>A,CCT,20
C>A,GCA,55
C>A,GCC,19
C>A,GCG,6
C>A,GCT,77
C>A,TCA,35
C>A,TCC,34
C>A,TCG,4
C>A,TCT,143
C>G,ACA,14
C>G,ACC,4
C>G,ACG,1
C>G,ACT,6
C>G,CCA,2
C>G,CCC,3
C>G,CCG,0
C>G,CCT,6
C>G,GCA,3
C>G,GCC,5
C>G,GCG,0
C>G,GCT,3
C>G,TCA,4
C>G,TCC,3
C>G,TCG,1
C>G,TCT,10
C>T,ACA,28
C>T,ACC,12
C>T,ACG,49
C>T,ACT,17
C>T,CCA,22
C>T,CCC,11
C>T,CCG,19
C>T,CCT,13
C>T,GCA,12
C>T,GCC,10
C>T,GCG,42
C>T,GCT,10
C>T,TCA,15
C>T,TCC,18
C>T,TCG,16
C>T,TCT,13
T>A,ATA,9
T>A,ATC,3
T>A,ATG,6
T>A,ATT,17
T>A,CTA,2
T>A,CTC,10
T>A,CTG,4
T>A,CTT,14
T>A,GTA,4
T>A,GTC,2
T>A,GTG,7
T>A,GTT,4
T>A,TTA,15
T>A,TTC,1
T>A,TTG,0
T>A,TTT,14
T>C,ATA,10
T>C,ATC,6
T>C,ATG,7
T>C,ATT,6
T>C,CTA,7
T>C,CTC,13
T>C,CTG,10
T>C,CTT,47
T>C,GTA,9
T>C,GTC,11
T>C,GTG,7
T>C,GTT,10
T>C,TTA,3
T>C,TTC,13
T>C,TTG,3
T>C,TTT,11
T>G,ATA,7
T>G,ATC,5
T>G,ATG,3
T>G,ATT,10
T>G,CTA,2
T>G,CTC,4
T>G,CTG,3
T>G,CTT,46
T>G,GTA,1
T>G,GTC,5
T>G,GTG,11
T>G,GTT,34
T>G,TTA,2
T>G,TTC,3
T>G,TTG,5
T>G,TTT,18
