Mutation type,Trinucleotide,A_48260703
C>A,ACA,25
C>A,ACC,15
C>A,ACG,4
C>A,ACT,28
C>A,CCA,18
C>A,CCC,22
C>A,CCG,0
C>A,CCT,7
C>A,GCA,25
C>A,GCC,22
C>A,GCG,2
C>A,GCT,46
C>A,TCA,46
C>A,TCC,25
C>A,TCG,2
C>A,TCT,88
C>G,ACA,10
C>G,ACC,3
C>G,ACG,0
C>G,ACT,5
C>G,CCA,1
C>G,CCC,2
C>G,CCG,0
C>G,CCT,3
C>G,GCA,5
C>G,GCC,3
C>G,GCG,0
C>G,GCT,5
C>G,TCA,4
C>G,TCC,5
C>G,TCG,0
C>G,TCT,14
C>T,ACA,36
C>T,ACC,13
C>T,ACG,37
C>T,ACT,9
C>T,CCA,20
C>T,CCC,15
C>T,CCG,31
C>T,CCT,17
C>T,GCA,11
C>T,GCC,9
C>T,GCG,26
C>T,GCT,12
C>T,TCA,18
C>T,TCC,14
C>T,TCG,20
C>T,TCT,15
T>A,ATA,6
T>A,ATC,4
T>A,ATG,5
T>A,ATT,19
T>A,CTA,0
T>A,CTC,5
T>A,CTG,3
T>A,CTT,6
T>A,GTA,1
T>A,GTC,3
T>A,GTG,8
T>A,GTT,3
T>A,TTA,16
T>A,TTC,1
T>A,TTG,2
T>A,TTT,11
T>C,ATA,11
T>C,ATC,10
T>C,ATG,11
T>C,ATT,10
T>C,CTA,5
T>C,CTC,8
T>C,CTG,8
T>C,CTT,24
T>C,GTA,9
T>C,GTC,10
T>C,GTG,8
T>C,GTT,7
T>C,TTA,5
T>C,TTC,2
T>C,TTG,4
T>C,TTT,18
T>G,ATA,7
T>G,ATC,2
T>G,ATG,1
T>G,ATT,18
T>G,CTA,2
T>G,CTC,4
T>G,CTG,2
T>G,CTT,29
T>G,GTA,2
T>G,GTC,1
T>G,GTG,11
T>G,GTT,17
T>G,TTA,3
T>G,TTC,1
T>G,TTG,8
T>G,TTT,20
