Mutation type,Trinucleotide,A_48170801
C>A,ACA,38
C>A,ACC,26
C>A,ACG,3
C>A,ACT,23
C>A,CCA,21
C>A,CCC,21
C>A,CCG,2
C>A,CCT,24
C>A,GCA,37
C>A,GCC,20
C>A,GCG,1
C>A,GCT,73
C>A,TCA,47
C>A,TCC,37
C>A,TCG,5
C>A,TCT,117
C>G,ACA,6
C>G,ACC,1
C>G,ACG,0
C>G,ACT,4
C>G,CCA,4
C>G,CCC,2
C>G,CCG,0
C>G,CCT,2
C>G,GCA,1
C>G,GCC,3
C>G,GCG,1
C>G,GCT,5
C>G,TCA,5
C>G,TCC,8
C>G,TCG,2
C>G,TCT,10
C>T,ACA,27
C>T,ACC,11
C>T,ACG,43
C>T,ACT,10
C>T,CCA,11
C>T,CCC,12
C>T,CCG,20
C>T,CCT,7
C>T,GCA,8
C>T,GCC,13
C>T,GCG,38
C>T,GCT,16
C>T,TCA,16
C>T,TCC,21
C>T,TCG,24
C>T,TCT,18
T>A,ATA,13
T>A,ATC,3
T>A,ATG,7
T>A,ATT,22
T>A,CTA,1
T>A,CTC,10
T>A,CTG,5
T>A,CTT,10
T>A,GTA,5
T>A,GTC,3
T>A,GTG,5
T>A,GTT,4
T>A,TTA,13
T>A,TTC,0
T>A,TTG,2
T>A,TTT,11
T>C,ATA,13
T>C,ATC,7
T>C,ATG,9
T>C,ATT,6
T>C,CTA,4
T>C,CTC,5
T>C,CTG,5
T>C,CTT,20
T>C,GTA,4
T>C,GTC,8
T>C,GTG,8
T>C,GTT,10
T>C,TTA,4
T>C,TTC,7
T>C,TTG,4
T>C,TTT,8
T>G,ATA,5
T>G,ATC,1
T>G,ATG,3
T>G,ATT,9
T>G,CTA,0
T>G,CTC,0
T>G,CTG,4
T>G,CTT,14
T>G,GTA,1
T>G,GTC,0
T>G,GTG,8
T>G,GTT,15
T>G,TTA,2
T>G,TTC,0
T>G,TTG,4
T>G,TTT,19
