Mutation type,Trinucleotide,A_48360802
C>A,ACA,38
C>A,ACC,7
C>A,ACG,5
C>A,ACT,23
C>A,CCA,13
C>A,CCC,17
C>A,CCG,1
C>A,CCT,18
C>A,GCA,27
C>A,GCC,17
C>A,GCG,3
C>A,GCT,55
C>A,TCA,34
C>A,TCC,26
C>A,TCG,5
C>A,TCT,70
C>G,ACA,8
C>G,ACC,2
C>G,ACG,0
C>G,ACT,3
C>G,CCA,1
C>G,CCC,2
C>G,CCG,0
C>G,CCT,1
C>G,GCA,1
C>G,GCC,4
C>G,GCG,2
C>G,GCT,2
C>G,TCA,3
C>G,TCC,1
C>G,TCG,1
C>G,TCT,9
C>T,ACA,12
C>T,ACC,10
C>T,ACG,46
C>T,ACT,9
C>T,CCA,6
C>T,CCC,6
C>T,CCG,20
C>T,CCT,5
C>T,GCA,15
C>T,GCC,9
C>T,GCG,25
C>T,GCT,6
C>T,TCA,10
C>T,TCC,11
C>T,TCG,23
C>T,TCT,11
T>A,ATA,2
T>A,ATC,3
T>A,ATG,3
T>A,ATT,12
T>A,CTA,3
T>A,CTC,4
T>A,CTG,2
T>A,CTT,7
T>A,GTA,1
T>A,GTC,3
T>A,GTG,4
T>A,GTT,3
T>A,TTA,9
T>A,TTC,2
T>A,TTG,1
T>A,TTT,11
T>C,ATA,4
T>C,ATC,5
T>C,ATG,4
T>C,ATT,5
T>C,CTA,1
T>C,CTC,7
T>C,CTG,7
T>C,CTT,15
T>C,GTA,3
T>C,GTC,4
T>C,GTG,3
T>C,GTT,5
T>C,TTA,4
T>C,TTC,8
T>C,TTG,4
T>C,TTT,5
T>G,ATA,3
T>G,ATC,0
T>G,ATG,2
T>G,ATT,8
T>G,CTA,3
T>G,CTC,2
T>G,CTG,2
T>G,CTT,10
T>G,GTA,1
T>G,GTC,1
T>G,GTG,6
T>G,GTT,5
T>G,TTA,1
T>G,TTC,2
T>G,TTG,3
T>G,TTT,9
