Mutation type,Trinucleotide,A_48360805
C>A,ACA,23
C>A,ACC,9
C>A,ACG,2
C>A,ACT,18
C>A,CCA,18
C>A,CCC,21
C>A,CCG,0
C>A,CCT,17
C>A,GCA,25
C>A,GCC,13
C>A,GCG,4
C>A,GCT,41
C>A,TCA,30
C>A,TCC,16
C>A,TCG,4
C>A,TCT,59
C>G,ACA,3
C>G,ACC,3
C>G,ACG,1
C>G,ACT,3
C>G,CCA,2
C>G,CCC,2
C>G,CCG,0
C>G,CCT,2
C>G,GCA,3
C>G,GCC,0
C>G,GCG,1
C>G,GCT,3
C>G,TCA,2
C>G,TCC,3
C>G,TCG,1
C>G,TCT,5
C>T,ACA,18
C>T,ACC,4
C>T,ACG,36
C>T,ACT,15
C>T,CCA,9
C>T,CCC,5
C>T,CCG,19
C>T,CCT,9
C>T,GCA,12
C>T,GCC,14
C>T,GCG,33
C>T,GCT,3
C>T,TCA,5
C>T,TCC,8
C>T,TCG,12
C>T,TCT,9
T>A,ATA,6
T>A,ATC,5
T>A,ATG,5
T>A,ATT,13
T>A,CTA,1
T>A,CTC,7
T>A,CTG,2
T>A,CTT,4
T>A,GTA,0
T>A,GTC,3
T>A,GTG,2
T>A,GTT,3
T>A,TTA,9
T>A,TTC,3
T>A,TTG,0
T>A,TTT,7
T>C,ATA,14
T>C,ATC,3
T>C,ATG,9
T>C,ATT,5
T>C,CTA,4
T>C,CTC,6
T>C,CTG,3
T>C,CTT,13
T>C,GTA,3
T>C,GTC,8
T>C,GTG,6
T>C,GTT,3
T>C,TTA,5
T>C,TTC,5
T>C,TTG,6
T>C,TTT,6
T>G,ATA,5
T>G,ATC,0
T>G,ATG,2
T>G,ATT,4
T>G,CTA,0
T>G,CTC,1
T>G,CTG,4
T>G,CTT,15
T>G,GTA,0
T>G,GTC,1
T>G,GTG,4
T>G,GTT,5
T>G,TTA,3
T>G,TTC,1
T>G,TTG,4
T>G,TTT,15
