Mutation type,Trinucleotide,A_48240804
C>A,ACA,44
C>A,ACC,12
C>A,ACG,1
C>A,ACT,38
C>A,CCA,28
C>A,CCC,23
C>A,CCG,0
C>A,CCT,20
C>A,GCA,31
C>A,GCC,10
C>A,GCG,4
C>A,GCT,57
C>A,TCA,46
C>A,TCC,34
C>A,TCG,6
C>A,TCT,93
C>G,ACA,12
C>G,ACC,1
C>G,ACG,0
C>G,ACT,3
C>G,CCA,4
C>G,CCC,5
C>G,CCG,0
C>G,CCT,2
C>G,GCA,0
C>G,GCC,1
C>G,GCG,0
C>G,GCT,2
C>G,TCA,3
C>G,TCC,3
C>G,TCG,0
C>G,TCT,11
C>T,ACA,15
C>T,ACC,13
C>T,ACG,52
C>T,ACT,7
C>T,CCA,17
C>T,CCC,8
C>T,CCG,30
C>T,CCT,13
C>T,GCA,11
C>T,GCC,17
C>T,GCG,39
C>T,GCT,12
C>T,TCA,9
C>T,TCC,24
C>T,TCG,19
C>T,TCT,21
T>A,ATA,11
T>A,ATC,3
T>A,ATG,2
T>A,ATT,11
T>A,CTA,2
T>A,CTC,4
T>A,CTG,1
T>A,CTT,5
T>A,GTA,2
T>A,GTC,5
T>A,GTG,4
T>A,GTT,5
T>A,TTA,13
T>A,TTC,2
T>A,TTG,6
T>A,TTT,9
T>C,ATA,6
T>C,ATC,11
T>C,ATG,9
T>C,ATT,4
T>C,CTA,3
T>C,CTC,8
T>C,CTG,8
T>C,CTT,20
T>C,GTA,11
T>C,GTC,7
T>C,GTG,8
T>C,GTT,7
T>C,TTA,5
T>C,TTC,13
T>C,TTG,4
T>C,TTT,8
T>G,ATA,5
T>G,ATC,0
T>G,ATG,1
T>G,ATT,13
T>G,CTA,2
T>G,CTC,1
T>G,CTG,1
T>G,CTT,27
T>G,GTA,1
T>G,GTC,0
T>G,GTG,8
T>G,GTT,13
T>G,TTA,3
T>G,TTC,0
T>G,TTG,2
T>G,TTT,17
