Type,Subtype,Indel_size,Repeat_MH_size,A_48020702
DEL,C,1,0,1
DEL,C,1,1,1
DEL,C,1,2,1
DEL,C,1,3,0
DEL,C,1,4,2
DEL,C,1,5+,8
DEL,T,1,0,0
DEL,T,1,1,0
DEL,T,1,2,2
DEL,T,1,3,2
DEL,T,1,4,7
DEL,T,1,5+,48
INS,C,1,0,0
INS,C,1,1,0
INS,C,1,2,0
INS,C,1,3,0
INS,C,1,4,1
INS,C,1,5+,4
INS,T,1,0,0
INS,T,1,1,0
INS,T,1,2,0
INS,T,1,3,1
INS,T,1,4,3
INS,T,1,5+,32
DEL,repeats,2,0,2
DEL,repeats,2,1,0
DEL,repeats,2,2,0
DEL,repeats,2,3,0
DEL,repeats,2,4,0
DEL,repeats,2,5+,8
DEL,repeats,3,0,0
DEL,repeats,3,1,0
DEL,repeats,3,2,0
DEL,repeats,3,3,0
DEL,repeats,3,4,0
DEL,repeats,3,5+,0
DEL,repeats,4,0,0
DEL,repeats,4,1,0
DEL,repeats,4,2,0
DEL,repeats,4,3,0
DEL,repeats,4,4,0
DEL,repeats,4,5+,28
DEL,repeats,5+,0,0
DEL,repeats,5+,1,1
DEL,repeats,5+,2,2
DEL,repeats,5+,3,1
DEL,repeats,5+,4,0
DEL,repeats,5+,5+,12
INS,repeats,2,0,0
INS,repeats,2,1,0
INS,repeats,2,2,1
INS,repeats,2,3,0
INS,repeats,2,4,0
INS,repeats,2,5+,0
INS,repeats,3,0,0
INS,repeats,3,1,0
INS,repeats,3,2,0
INS,repeats,3,3,0
INS,repeats,3,4,0
INS,repeats,3,5+,0
INS,repeats,4,0,1
INS,repeats,4,1,2
INS,repeats,4,2,0
INS,repeats,4,3,0
INS,repeats,4,4,1
INS,repeats,4,5+,15
INS,repeats,5+,0,0
INS,repeats,5+,1,0
INS,repeats,5+,2,1
INS,repeats,5+,3,1
INS,repeats,5+,4,0
INS,repeats,5+,5+,6
DEL,MH,2,1,0
DEL,MH,3,1,1
DEL,MH,3,2,0
DEL,MH,4,1,0
DEL,MH,4,2,0
DEL,MH,4,3,0
DEL,MH,5+,1,3
DEL,MH,5+,2,0
DEL,MH,5+,3,0
DEL,MH,5+,4,1
DEL,MH,5+,5+,2
