Mutation type,Trinucleotide,A_48190803
C>A,ACA,36
C>A,ACC,5
C>A,ACG,1
C>A,ACT,15
C>A,CCA,17
C>A,CCC,27
C>A,CCG,1
C>A,CCT,25
C>A,GCA,42
C>A,GCC,4
C>A,GCG,0
C>A,GCT,56
C>A,TCA,20
C>A,TCC,22
C>A,TCG,2
C>A,TCT,85
C>G,ACA,5
C>G,ACC,2
C>G,ACG,2
C>G,ACT,1
C>G,CCA,1
C>G,CCC,2
C>G,CCG,0
C>G,CCT,2
C>G,GCA,1
C>G,GCC,1
C>G,GCG,0
C>G,GCT,2
C>G,TCA,1
C>G,TCC,1
C>G,TCG,0
C>G,TCT,11
C>T,ACA,14
C>T,ACC,9
C>T,ACG,43
C>T,ACT,19
C>T,CCA,11
C>T,CCC,6
C>T,CCG,16
C>T,CCT,11
C>T,GCA,11
C>T,GCC,6
C>T,GCG,25
C>T,GCT,10
C>T,TCA,12
C>T,TCC,9
C>T,TCG,15
C>T,TCT,11
T>A,ATA,8
T>A,ATC,2
T>A,ATG,6
T>A,ATT,16
T>A,CTA,2
T>A,CTC,8
T>A,CTG,3
T>A,CTT,3
T>A,GTA,6
T>A,GTC,0
T>A,GTG,5
T>A,GTT,1
T>A,TTA,16
T>A,TTC,2
T>A,TTG,1
T>A,TTT,5
T>C,ATA,14
T>C,ATC,5
T>C,ATG,6
T>C,ATT,7
T>C,CTA,2
T>C,CTC,6
T>C,CTG,6
T>C,CTT,16
T>C,GTA,4
T>C,GTC,15
T>C,GTG,6
T>C,GTT,3
T>C,TTA,1
T>C,TTC,5
T>C,TTG,2
T>C,TTT,6
T>G,ATA,3
T>G,ATC,2
T>G,ATG,1
T>G,ATT,9
T>G,CTA,3
T>G,CTC,4
T>G,CTG,6
T>G,CTT,18
T>G,GTA,0
T>G,GTC,3
T>G,GTG,13
T>G,GTT,13
T>G,TTA,2
T>G,TTC,1
T>G,TTG,5
T>G,TTT,16
