Mutation type,Trinucleotide,A_48190802
C>A,ACA,27
C>A,ACC,7
C>A,ACG,1
C>A,ACT,18
C>A,CCA,14
C>A,CCC,20
C>A,CCG,1
C>A,CCT,19
C>A,GCA,38
C>A,GCC,8
C>A,GCG,3
C>A,GCT,46
C>A,TCA,33
C>A,TCC,24
C>A,TCG,4
C>A,TCT,85
C>G,ACA,5
C>G,ACC,1
C>G,ACG,0
C>G,ACT,3
C>G,CCA,1
C>G,CCC,1
C>G,CCG,0
C>G,CCT,1
C>G,GCA,1
C>G,GCC,2
C>G,GCG,1
C>G,GCT,2
C>G,TCA,2
C>G,TCC,4
C>G,TCG,0
C>G,TCT,5
C>T,ACA,18
C>T,ACC,5
C>T,ACG,39
C>T,ACT,10
C>T,CCA,6
C>T,CCC,11
C>T,CCG,18
C>T,CCT,6
C>T,GCA,11
C>T,GCC,4
C>T,GCG,25
C>T,GCT,15
C>T,TCA,11
C>T,TCC,18
C>T,TCG,20
C>T,TCT,9
T>A,ATA,10
T>A,ATC,5
T>A,ATG,1
T>A,ATT,11
T>A,CTA,1
T>A,CTC,6
T>A,CTG,5
T>A,CTT,4
T>A,GTA,1
T>A,GTC,1
T>A,GTG,5
T>A,GTT,2
T>A,TTA,16
T>A,TTC,2
T>A,TTG,0
T>A,TTT,6
T>C,ATA,13
T>C,ATC,2
T>C,ATG,7
T>C,ATT,1
T>C,CTA,2
T>C,CTC,3
T>C,CTG,5
T>C,CTT,8
T>C,GTA,2
T>C,GTC,13
T>C,GTG,6
T>C,GTT,5
T>C,TTA,3
T>C,TTC,9
T>C,TTG,5
T>C,TTT,7
T>G,ATA,2
T>G,ATC,2
T>G,ATG,0
T>G,ATT,6
T>G,CTA,2
T>G,CTC,2
T>G,CTG,2
T>G,CTT,8
T>G,GTA,2
T>G,GTC,2
T>G,GTG,10
T>G,GTT,7
T>G,TTA,1
T>G,TTC,0
T>G,TTG,4
T>G,TTT,12
