Mutation type,Trinucleotide,A_48280702
C>A,ACA,22
C>A,ACC,6
C>A,ACG,0
C>A,ACT,20
C>A,CCA,15
C>A,CCC,13
C>A,CCG,1
C>A,CCT,20
C>A,GCA,27
C>A,GCC,12
C>A,GCG,3
C>A,GCT,43
C>A,TCA,19
C>A,TCC,19
C>A,TCG,2
C>A,TCT,58
C>G,ACA,4
C>G,ACC,2
C>G,ACG,1
C>G,ACT,1
C>G,CCA,0
C>G,CCC,3
C>G,CCG,0
C>G,CCT,1
C>G,GCA,2
C>G,GCC,2
C>G,GCG,1
C>G,GCT,1
C>G,TCA,4
C>G,TCC,3
C>G,TCG,0
C>G,TCT,7
C>T,ACA,19
C>T,ACC,6
C>T,ACG,34
C>T,ACT,17
C>T,CCA,9
C>T,CCC,6
C>T,CCG,30
C>T,CCT,17
C>T,GCA,5
C>T,GCC,10
C>T,GCG,29
C>T,GCT,4
C>T,TCA,8
C>T,TCC,13
C>T,TCG,13
C>T,TCT,15
T>A,ATA,5
T>A,ATC,2
T>A,ATG,3
T>A,ATT,8
T>A,CTA,5
T>A,CTC,5
T>A,CTG,0
T>A,CTT,3
T>A,GTA,1
T>A,GTC,2
T>A,GTG,4
T>A,GTT,5
T>A,TTA,11
T>A,TTC,0
T>A,TTG,0
T>A,TTT,6
T>C,ATA,9
T>C,ATC,5
T>C,ATG,1
T>C,ATT,4
T>C,CTA,5
T>C,CTC,7
T>C,CTG,7
T>C,CTT,11
T>C,GTA,4
T>C,GTC,9
T>C,GTG,5
T>C,GTT,5
T>C,TTA,3
T>C,TTC,6
T>C,TTG,2
T>C,TTT,1
T>G,ATA,6
T>G,ATC,2
T>G,ATG,1
T>G,ATT,5
T>G,CTA,1
T>G,CTC,1
T>G,CTG,6
T>G,CTT,14
T>G,GTA,1
T>G,GTC,1
T>G,GTG,7
T>G,GTT,7
T>G,TTA,8
T>G,TTC,4
T>G,TTG,3
T>G,TTT,12
