Mutation type,Trinucleotide,A_48360804
C>A,ACA,28
C>A,ACC,16
C>A,ACG,5
C>A,ACT,11
C>A,CCA,11
C>A,CCC,16
C>A,CCG,0
C>A,CCT,11
C>A,GCA,27
C>A,GCC,10
C>A,GCG,3
C>A,GCT,47
C>A,TCA,21
C>A,TCC,15
C>A,TCG,5
C>A,TCT,71
C>G,ACA,7
C>G,ACC,1
C>G,ACG,1
C>G,ACT,2
C>G,CCA,0
C>G,CCC,1
C>G,CCG,1
C>G,CCT,2
C>G,GCA,1
C>G,GCC,2
C>G,GCG,1
C>G,GCT,0
C>G,TCA,3
C>G,TCC,1
C>G,TCG,0
C>G,TCT,3
C>T,ACA,18
C>T,ACC,8
C>T,ACG,40
C>T,ACT,7
C>T,CCA,8
C>T,CCC,7
C>T,CCG,18
C>T,CCT,8
C>T,GCA,10
C>T,GCC,8
C>T,GCG,30
C>T,GCT,9
C>T,TCA,12
C>T,TCC,12
C>T,TCG,21
C>T,TCT,12
T>A,ATA,5
T>A,ATC,2
T>A,ATG,1
T>A,ATT,19
T>A,CTA,6
T>A,CTC,9
T>A,CTG,1
T>A,CTT,6
T>A,GTA,0
T>A,GTC,2
T>A,GTG,5
T>A,GTT,1
T>A,TTA,5
T>A,TTC,1
T>A,TTG,0
T>A,TTT,8
T>C,ATA,11
T>C,ATC,6
T>C,ATG,7
T>C,ATT,10
T>C,CTA,4
T>C,CTC,2
T>C,CTG,9
T>C,CTT,17
T>C,GTA,6
T>C,GTC,7
T>C,GTG,1
T>C,GTT,5
T>C,TTA,2
T>C,TTC,8
T>C,TTG,1
T>C,TTT,6
T>G,ATA,7
T>G,ATC,4
T>G,ATG,2
T>G,ATT,5
T>G,CTA,0
T>G,CTC,0
T>G,CTG,2
T>G,CTT,10
T>G,GTA,1
T>G,GTC,1
T>G,GTG,8
T>G,GTT,5
T>G,TTA,2
T>G,TTC,0
T>G,TTG,5
T>G,TTT,10
