Mutation type,Trinucleotide,A_48170803
C>A,ACA,50
C>A,ACC,27
C>A,ACG,2
C>A,ACT,22
C>A,CCA,23
C>A,CCC,24
C>A,CCG,4
C>A,CCT,28
C>A,GCA,43
C>A,GCC,22
C>A,GCG,1
C>A,GCT,74
C>A,TCA,49
C>A,TCC,32
C>A,TCG,7
C>A,TCT,105
C>G,ACA,8
C>G,ACC,1
C>G,ACG,0
C>G,ACT,3
C>G,CCA,4
C>G,CCC,1
C>G,CCG,0
C>G,CCT,6
C>G,GCA,1
C>G,GCC,2
C>G,GCG,1
C>G,GCT,3
C>G,TCA,6
C>G,TCC,10
C>G,TCG,1
C>G,TCT,17
C>T,ACA,29
C>T,ACC,12
C>T,ACG,48
C>T,ACT,9
C>T,CCA,10
C>T,CCC,12
C>T,CCG,22
C>T,CCT,7
C>T,GCA,6
C>T,GCC,15
C>T,GCG,48
C>T,GCT,17
C>T,TCA,23
C>T,TCC,19
C>T,TCG,22
C>T,TCT,21
T>A,ATA,16
T>A,ATC,3
T>A,ATG,7
T>A,ATT,23
T>A,CTA,1
T>A,CTC,13
T>A,CTG,4
T>A,CTT,14
T>A,GTA,2
T>A,GTC,3
T>A,GTG,7
T>A,GTT,3
T>A,TTA,19
T>A,TTC,1
T>A,TTG,3
T>A,TTT,13
T>C,ATA,11
T>C,ATC,9
T>C,ATG,11
T>C,ATT,6
T>C,CTA,2
T>C,CTC,4
T>C,CTG,5
T>C,CTT,16
T>C,GTA,3
T>C,GTC,10
T>C,GTG,13
T>C,GTT,9
T>C,TTA,4
T>C,TTC,10
T>C,TTG,5
T>C,TTT,7
T>G,ATA,16
T>G,ATC,1
T>G,ATG,3
T>G,ATT,10
T>G,CTA,2
T>G,CTC,2
T>G,CTG,2
T>G,CTT,25
T>G,GTA,2
T>G,GTC,1
T>G,GTG,4
T>G,GTT,13
T>G,TTA,1
T>G,TTC,2
T>G,TTG,2
T>G,TTT,14
