Mutation type,Trinucleotide,A_48030703
C>A,ACA,34
C>A,ACC,11
C>A,ACG,7
C>A,ACT,22
C>A,CCA,17
C>A,CCC,23
C>A,CCG,2
C>A,CCT,14
C>A,GCA,45
C>A,GCC,13
C>A,GCG,1
C>A,GCT,61
C>A,TCA,34
C>A,TCC,27
C>A,TCG,2
C>A,TCT,76
C>G,ACA,13
C>G,ACC,3
C>G,ACG,1
C>G,ACT,3
C>G,CCA,2
C>G,CCC,5
C>G,CCG,0
C>G,CCT,1
C>G,GCA,7
C>G,GCC,3
C>G,GCG,0
C>G,GCT,2
C>G,TCA,2
C>G,TCC,3
C>G,TCG,0
C>G,TCT,17
C>T,ACA,29
C>T,ACC,12
C>T,ACG,48
C>T,ACT,11
C>T,CCA,13
C>T,CCC,11
C>T,CCG,26
C>T,CCT,12
C>T,GCA,10
C>T,GCC,7
C>T,GCG,31
C>T,GCT,9
C>T,TCA,18
C>T,TCC,17
C>T,TCG,21
C>T,TCT,22
T>A,ATA,8
T>A,ATC,2
T>A,ATG,5
T>A,ATT,15
T>A,CTA,1
T>A,CTC,7
T>A,CTG,2
T>A,CTT,5
T>A,GTA,1
T>A,GTC,3
T>A,GTG,5
T>A,GTT,4
T>A,TTA,11
T>A,TTC,7
T>A,TTG,2
T>A,TTT,10
T>C,ATA,10
T>C,ATC,9
T>C,ATG,4
T>C,ATT,4
T>C,CTA,5
T>C,CTC,9
T>C,CTG,8
T>C,CTT,33
T>C,GTA,5
T>C,GTC,8
T>C,GTG,9
T>C,GTT,8
T>C,TTA,6
T>C,TTC,13
T>C,TTG,2
T>C,TTT,19
T>G,ATA,6
T>G,ATC,0
T>G,ATG,0
T>G,ATT,17
T>G,CTA,3
T>G,CTC,2
T>G,CTG,0
T>G,CTT,24
T>G,GTA,1
T>G,GTC,2
T>G,GTG,13
T>G,GTT,13
T>G,TTA,1
T>G,TTC,1
T>G,TTG,4
T>G,TTT,16
