Mutation type,Trinucleotide,A_48280704
C>A,ACA,36
C>A,ACC,9
C>A,ACG,4
C>A,ACT,16
C>A,CCA,10
C>A,CCC,20
C>A,CCG,1
C>A,CCT,13
C>A,GCA,38
C>A,GCC,15
C>A,GCG,5
C>A,GCT,46
C>A,TCA,29
C>A,TCC,17
C>A,TCG,2
C>A,TCT,78
C>G,ACA,3
C>G,ACC,0
C>G,ACG,1
C>G,ACT,5
C>G,CCA,1
C>G,CCC,1
C>G,CCG,1
C>G,CCT,1
C>G,GCA,4
C>G,GCC,3
C>G,GCG,2
C>G,GCT,6
C>G,TCA,0
C>G,TCC,5
C>G,TCG,0
C>G,TCT,5
C>T,ACA,15
C>T,ACC,8
C>T,ACG,37
C>T,ACT,15
C>T,CCA,20
C>T,CCC,13
C>T,CCG,19
C>T,CCT,12
C>T,GCA,14
C>T,GCC,7
C>T,GCG,33
C>T,GCT,6
C>T,TCA,19
C>T,TCC,12
C>T,TCG,9
C>T,TCT,15
T>A,ATA,5
T>A,ATC,2
T>A,ATG,5
T>A,ATT,10
T>A,CTA,3
T>A,CTC,6
T>A,CTG,5
T>A,CTT,5
T>A,GTA,3
T>A,GTC,1
T>A,GTG,4
T>A,GTT,3
T>A,TTA,8
T>A,TTC,1
T>A,TTG,0
T>A,TTT,6
T>C,ATA,9
T>C,ATC,6
T>C,ATG,5
T>C,ATT,4
T>C,CTA,3
T>C,CTC,9
T>C,CTG,7
T>C,CTT,17
T>C,GTA,8
T>C,GTC,6
T>C,GTG,3
T>C,GTT,8
T>C,TTA,2
T>C,TTC,6
T>C,TTG,3
T>C,TTT,4
T>G,ATA,4
T>G,ATC,3
T>G,ATG,4
T>G,ATT,8
T>G,CTA,3
T>G,CTC,2
T>G,CTG,3
T>G,CTT,21
T>G,GTA,2
T>G,GTC,1
T>G,GTG,13
T>G,GTT,10
T>G,TTA,3
T>G,TTC,1
T>G,TTG,2
T>G,TTT,11
