Mutation type,Trinucleotide,A_48190804
C>A,ACA,24
C>A,ACC,8
C>A,ACG,0
C>A,ACT,13
C>A,CCA,11
C>A,CCC,9
C>A,CCG,1
C>A,CCT,15
C>A,GCA,30
C>A,GCC,5
C>A,GCG,1
C>A,GCT,36
C>A,TCA,14
C>A,TCC,11
C>A,TCG,4
C>A,TCT,61
C>G,ACA,11
C>G,ACC,2
C>G,ACG,2
C>G,ACT,1
C>G,CCA,0
C>G,CCC,1
C>G,CCG,3
C>G,CCT,2
C>G,GCA,0
C>G,GCC,1
C>G,GCG,1
C>G,GCT,3
C>G,TCA,1
C>G,TCC,3
C>G,TCG,0
C>G,TCT,2
C>T,ACA,19
C>T,ACC,8
C>T,ACG,33
C>T,ACT,8
C>T,CCA,6
C>T,CCC,8
C>T,CCG,24
C>T,CCT,2
C>T,GCA,9
C>T,GCC,6
C>T,GCG,27
C>T,GCT,6
C>T,TCA,8
C>T,TCC,11
C>T,TCG,11
C>T,TCT,5
T>A,ATA,7
T>A,ATC,2
T>A,ATG,2
T>A,ATT,18
T>A,CTA,1
T>A,CTC,4
T>A,CTG,1
T>A,CTT,1
T>A,GTA,2
T>A,GTC,0
T>A,GTG,2
T>A,GTT,0
T>A,TTA,7
T>A,TTC,2
T>A,TTG,2
T>A,TTT,6
T>C,ATA,11
T>C,ATC,2
T>C,ATG,6
T>C,ATT,1
T>C,CTA,3
T>C,CTC,2
T>C,CTG,6
T>C,CTT,15
T>C,GTA,12
T>C,GTC,4
T>C,GTG,2
T>C,GTT,8
T>C,TTA,0
T>C,TTC,7
T>C,TTG,2
T>C,TTT,2
T>G,ATA,1
T>G,ATC,3
T>G,ATG,5
T>G,ATT,6
T>G,CTA,1
T>G,CTC,5
T>G,CTG,4
T>G,CTT,23
T>G,GTA,0
T>G,GTC,1
T>G,GTG,5
T>G,GTT,11
T>G,TTA,0
T>G,TTC,0
T>G,TTG,1
T>G,TTT,13
