Mutation type,Trinucleotide,A_48260704
C>A,ACA,27
C>A,ACC,17
C>A,ACG,4
C>A,ACT,28
C>A,CCA,17
C>A,CCC,22
C>A,CCG,3
C>A,CCT,9
C>A,GCA,26
C>A,GCC,18
C>A,GCG,4
C>A,GCT,47
C>A,TCA,46
C>A,TCC,25
C>A,TCG,6
C>A,TCT,88
C>G,ACA,17
C>G,ACC,3
C>G,ACG,0
C>G,ACT,5
C>G,CCA,2
C>G,CCC,4
C>G,CCG,1
C>G,CCT,2
C>G,GCA,2
C>G,GCC,2
C>G,GCG,0
C>G,GCT,6
C>G,TCA,4
C>G,TCC,2
C>G,TCG,0
C>G,TCT,12
C>T,ACA,30
C>T,ACC,13
C>T,ACG,39
C>T,ACT,9
C>T,CCA,19
C>T,CCC,16
C>T,CCG,29
C>T,CCT,12
C>T,GCA,10
C>T,GCC,12
C>T,GCG,29
C>T,GCT,11
C>T,TCA,14
C>T,TCC,19
C>T,TCG,18
C>T,TCT,16
T>A,ATA,10
T>A,ATC,4
T>A,ATG,7
T>A,ATT,17
T>A,CTA,0
T>A,CTC,9
T>A,CTG,1
T>A,CTT,6
T>A,GTA,1
T>A,GTC,1
T>A,GTG,6
T>A,GTT,5
T>A,TTA,16
T>A,TTC,2
T>A,TTG,3
T>A,TTT,13
T>C,ATA,13
T>C,ATC,8
T>C,ATG,9
T>C,ATT,9
T>C,CTA,2
T>C,CTC,10
T>C,CTG,9
T>C,CTT,18
T>C,GTA,5
T>C,GTC,9
T>C,GTG,7
T>C,GTT,9
T>C,TTA,6
T>C,TTC,3
T>C,TTG,5
T>C,TTT,15
T>G,ATA,6
T>G,ATC,1
T>G,ATG,1
T>G,ATT,13
T>G,CTA,0
T>G,CTC,5
T>G,CTG,4
T>G,CTT,32
T>G,GTA,1
T>G,GTC,3
T>G,GTG,12
T>G,GTT,18
T>G,TTA,1
T>G,TTC,0
T>G,TTG,7
T>G,TTT,17
