Mutation type,Trinucleotide,A_48150704
C>A,ACA,31
C>A,ACC,16
C>A,ACG,1
C>A,ACT,12
C>A,CCA,16
C>A,CCC,20
C>A,CCG,1
C>A,CCT,20
C>A,GCA,31
C>A,GCC,8
C>A,GCG,4
C>A,GCT,51
C>A,TCA,39
C>A,TCC,25
C>A,TCG,5
C>A,TCT,73
C>G,ACA,8
C>G,ACC,1
C>G,ACG,0
C>G,ACT,6
C>G,CCA,3
C>G,CCC,4
C>G,CCG,0
C>G,CCT,3
C>G,GCA,1
C>G,GCC,3
C>G,GCG,0
C>G,GCT,5
C>G,TCA,7
C>G,TCC,5
C>G,TCG,0
C>G,TCT,11
C>T,ACA,26
C>T,ACC,11
C>T,ACG,37
C>T,ACT,16
C>T,CCA,12
C>T,CCC,9
C>T,CCG,22
C>T,CCT,12
C>T,GCA,11
C>T,GCC,9
C>T,GCG,41
C>T,GCT,11
C>T,TCA,16
C>T,TCC,18
C>T,TCG,17
C>T,TCT,22
T>A,ATA,4
T>A,ATC,1
T>A,ATG,2
T>A,ATT,16
T>A,CTA,3
T>A,CTC,6
T>A,CTG,2
T>A,CTT,14
T>A,GTA,5
T>A,GTC,0
T>A,GTG,4
T>A,GTT,5
T>A,TTA,15
T>A,TTC,3
T>A,TTG,4
T>A,TTT,14
T>C,ATA,13
T>C,ATC,1
T>C,ATG,8
T>C,ATT,8
T>C,CTA,5
T>C,CTC,4
T>C,CTG,6
T>C,CTT,19
T>C,GTA,5
T>C,GTC,13
T>C,GTG,6
T>C,GTT,8
T>C,TTA,6
T>C,TTC,12
T>C,TTG,4
T>C,TTT,6
T>G,ATA,6
T>G,ATC,1
T>G,ATG,4
T>G,ATT,9
T>G,CTA,4
T>G,CTC,2
T>G,CTG,6
T>G,CTT,21
T>G,GTA,1
T>G,GTC,1
T>G,GTG,10
T>G,GTT,16
T>G,TTA,3
T>G,TTC,2
T>G,TTG,2
T>G,TTT,20
