Mutation type,Trinucleotide,A_48170802
C>A,ACA,40
C>A,ACC,24
C>A,ACG,1
C>A,ACT,20
C>A,CCA,22
C>A,CCC,21
C>A,CCG,3
C>A,CCT,23
C>A,GCA,39
C>A,GCC,17
C>A,GCG,1
C>A,GCT,78
C>A,TCA,53
C>A,TCC,33
C>A,TCG,6
C>A,TCT,107
C>G,ACA,6
C>G,ACC,1
C>G,ACG,0
C>G,ACT,3
C>G,CCA,1
C>G,CCC,1
C>G,CCG,0
C>G,CCT,1
C>G,GCA,1
C>G,GCC,3
C>G,GCG,1
C>G,GCT,5
C>G,TCA,4
C>G,TCC,8
C>G,TCG,1
C>G,TCT,15
C>T,ACA,27
C>T,ACC,11
C>T,ACG,44
C>T,ACT,5
C>T,CCA,8
C>T,CCC,8
C>T,CCG,18
C>T,CCT,8
C>T,GCA,6
C>T,GCC,12
C>T,GCG,39
C>T,GCT,19
C>T,TCA,17
C>T,TCC,15
C>T,TCG,24
C>T,TCT,20
T>A,ATA,11
T>A,ATC,3
T>A,ATG,6
T>A,ATT,22
T>A,CTA,2
T>A,CTC,10
T>A,CTG,3
T>A,CTT,8
T>A,GTA,3
T>A,GTC,2
T>A,GTG,5
T>A,GTT,1
T>A,TTA,16
T>A,TTC,1
T>A,TTG,5
T>A,TTT,13
T>C,ATA,8
T>C,ATC,7
T>C,ATG,9
T>C,ATT,6
T>C,CTA,1
T>C,CTC,4
T>C,CTG,6
T>C,CTT,22
T>C,GTA,4
T>C,GTC,8
T>C,GTG,11
T>C,GTT,13
T>C,TTA,4
T>C,TTC,9
T>C,TTG,7
T>C,TTT,10
T>G,ATA,8
T>G,ATC,0
T>G,ATG,2
T>G,ATT,11
T>G,CTA,0
T>G,CTC,1
T>G,CTG,2
T>G,CTT,24
T>G,GTA,0
T>G,GTC,1
T>G,GTG,7
T>G,GTT,9
T>G,TTA,1
T>G,TTC,3
T>G,TTG,1
T>G,TTT,15
