Mutation type,Trinucleotide,A_48360803
C>A,ACA,10
C>A,ACC,9
C>A,ACG,2
C>A,ACT,23
C>A,CCA,14
C>A,CCC,21
C>A,CCG,2
C>A,CCT,10
C>A,GCA,37
C>A,GCC,8
C>A,GCG,4
C>A,GCT,51
C>A,TCA,39
C>A,TCC,31
C>A,TCG,3
C>A,TCT,71
C>G,ACA,4
C>G,ACC,2
C>G,ACG,2
C>G,ACT,4
C>G,CCA,3
C>G,CCC,1
C>G,CCG,1
C>G,CCT,2
C>G,GCA,3
C>G,GCC,0
C>G,GCG,0
C>G,GCT,2
C>G,TCA,2
C>G,TCC,3
C>G,TCG,0
C>G,TCT,3
C>T,ACA,11
C>T,ACC,6
C>T,ACG,34
C>T,ACT,9
C>T,CCA,6
C>T,CCC,4
C>T,CCG,10
C>T,CCT,2
C>T,GCA,14
C>T,GCC,9
C>T,GCG,30
C>T,GCT,7
C>T,TCA,5
C>T,TCC,15
C>T,TCG,12
C>T,TCT,10
T>A,ATA,9
T>A,ATC,3
T>A,ATG,3
T>A,ATT,14
T>A,CTA,3
T>A,CTC,5
T>A,CTG,3
T>A,CTT,7
T>A,GTA,1
T>A,GTC,1
T>A,GTG,0
T>A,GTT,3
T>A,TTA,9
T>A,TTC,2
T>A,TTG,3
T>A,TTT,9
T>C,ATA,7
T>C,ATC,3
T>C,ATG,5
T>C,ATT,6
T>C,CTA,2
T>C,CTC,5
T>C,CTG,8
T>C,CTT,13
T>C,GTA,6
T>C,GTC,4
T>C,GTG,5
T>C,GTT,6
T>C,TTA,3
T>C,TTC,9
T>C,TTG,4
T>C,TTT,4
T>G,ATA,3
T>G,ATC,3
T>G,ATG,2
T>G,ATT,7
T>G,CTA,3
T>G,CTC,0
T>G,CTG,4
T>G,CTT,16
T>G,GTA,2
T>G,GTC,0
T>G,GTG,5
T>G,GTT,7
T>G,TTA,1
T>G,TTC,1
T>G,TTG,2
T>G,TTT,15
