Mutation type,Trinucleotide,A_48020702
C>A,ACA,32
C>A,ACC,14
C>A,ACG,3
C>A,ACT,22
C>A,CCA,12
C>A,CCC,22
C>A,CCG,5
C>A,CCT,21
C>A,GCA,28
C>A,GCC,9
C>A,GCG,1
C>A,GCT,39
C>A,TCA,39
C>A,TCC,23
C>A,TCG,6
C>A,TCT,90
C>G,ACA,11
C>G,ACC,2
C>G,ACG,1
C>G,ACT,3
C>G,CCA,5
C>G,CCC,2
C>G,CCG,0
C>G,CCT,7
C>G,GCA,4
C>G,GCC,3
C>G,GCG,0
C>G,GCT,4
C>G,TCA,5
C>G,TCC,3
C>G,TCG,0
C>G,TCT,11
C>T,ACA,20
C>T,ACC,10
C>T,ACG,40
C>T,ACT,15
C>T,CCA,8
C>T,CCC,12
C>T,CCG,28
C>T,CCT,21
C>T,GCA,12
C>T,GCC,13
C>T,GCG,33
C>T,GCT,11
C>T,TCA,6
C>T,TCC,21
C>T,TCG,9
C>T,TCT,24
T>A,ATA,13
T>A,ATC,5
T>A,ATG,4
T>A,ATT,11
T>A,CTA,4
T>A,CTC,3
T>A,CTG,4
T>A,CTT,8
T>A,GTA,1
T>A,GTC,2
T>A,GTG,11
T>A,GTT,4
T>A,TTA,13
T>A,TTC,2
T>A,TTG,3
T>A,TTT,12
T>C,ATA,17
T>C,ATC,10
T>C,ATG,2
T>C,ATT,14
T>C,CTA,1
T>C,CTC,11
T>C,CTG,5
T>C,CTT,20
T>C,GTA,11
T>C,GTC,12
T>C,GTG,7
T>C,GTT,9
T>C,TTA,3
T>C,TTC,14
T>C,TTG,7
T>C,TTT,7
T>G,ATA,5
T>G,ATC,4
T>G,ATG,3
T>G,ATT,5
T>G,CTA,4
T>G,CTC,8
T>G,CTG,1
T>G,CTT,29
T>G,GTA,1
T>G,GTC,3
T>G,GTG,9
T>G,GTT,16
T>G,TTA,2
T>G,TTC,0
T>G,TTG,3
T>G,TTT,25
