Mutation type,Trinucleotide,A_48230804
C>A,ACA,20
C>A,ACC,13
C>A,ACG,2
C>A,ACT,21
C>A,CCA,13
C>A,CCC,23
C>A,CCG,6
C>A,CCT,12
C>A,GCA,35
C>A,GCC,7
C>A,GCG,4
C>A,GCT,42
C>A,TCA,23
C>A,TCC,25
C>A,TCG,3
C>A,TCT,78
C>G,ACA,9
C>G,ACC,0
C>G,ACG,0
C>G,ACT,1
C>G,CCA,0
C>G,CCC,0
C>G,CCG,0
C>G,CCT,2
C>G,GCA,0
C>G,GCC,3
C>G,GCG,0
C>G,GCT,0
C>G,TCA,0
C>G,TCC,4
C>G,TCG,1
C>G,TCT,6
C>T,ACA,9
C>T,ACC,7
C>T,ACG,35
C>T,ACT,11
C>T,CCA,12
C>T,CCC,11
C>T,CCG,16
C>T,CCT,8
C>T,GCA,9
C>T,GCC,9
C>T,GCG,26
C>T,GCT,10
C>T,TCA,12
C>T,TCC,10
C>T,TCG,15
C>T,TCT,18
T>A,ATA,5
T>A,ATC,2
T>A,ATG,1
T>A,ATT,11
T>A,CTA,2
T>A,CTC,7
T>A,CTG,3
T>A,CTT,12
T>A,GTA,1
T>A,GTC,3
T>A,GTG,4
T>A,GTT,4
T>A,TTA,18
T>A,TTC,2
T>A,TTG,3
T>A,TTT,6
T>C,ATA,4
T>C,ATC,3
T>C,ATG,7
T>C,ATT,6
T>C,CTA,3
T>C,CTC,5
T>C,CTG,5
T>C,CTT,10
T>C,GTA,6
T>C,GTC,6
T>C,GTG,3
T>C,GTT,7
T>C,TTA,2
T>C,TTC,6
T>C,TTG,3
T>C,TTT,8
T>G,ATA,3
T>G,ATC,4
T>G,ATG,0
T>G,ATT,7
T>G,CTA,1
T>G,CTC,1
T>G,CTG,3
T>G,CTT,17
T>G,GTA,0
T>G,GTC,0
T>G,GTG,5
T>G,GTT,6
T>G,TTA,2
T>G,TTC,1
T>G,TTG,4
T>G,TTT,8
