Mutation type,Trinucleotide,A_48030702
C>A,ACA,32
C>A,ACC,11
C>A,ACG,7
C>A,ACT,24
C>A,CCA,18
C>A,CCC,18
C>A,CCG,2
C>A,CCT,18
C>A,GCA,40
C>A,GCC,16
C>A,GCG,1
C>A,GCT,61
C>A,TCA,31
C>A,TCC,28
C>A,TCG,2
C>A,TCT,73
C>G,ACA,11
C>G,ACC,5
C>G,ACG,1
C>G,ACT,5
C>G,CCA,1
C>G,CCC,5
C>G,CCG,0
C>G,CCT,3
C>G,GCA,6
C>G,GCC,4
C>G,GCG,0
C>G,GCT,3
C>G,TCA,4
C>G,TCC,4
C>G,TCG,0
C>G,TCT,12
C>T,ACA,28
C>T,ACC,11
C>T,ACG,41
C>T,ACT,4
C>T,CCA,13
C>T,CCC,11
C>T,CCG,26
C>T,CCT,14
C>T,GCA,11
C>T,GCC,5
C>T,GCG,34
C>T,GCT,10
C>T,TCA,15
C>T,TCC,19
C>T,TCG,24
C>T,TCT,19
T>A,ATA,7
T>A,ATC,2
T>A,ATG,5
T>A,ATT,19
T>A,CTA,0
T>A,CTC,9
T>A,CTG,2
T>A,CTT,7
T>A,GTA,2
T>A,GTC,2
T>A,GTG,4
T>A,GTT,7
T>A,TTA,19
T>A,TTC,4
T>A,TTG,1
T>A,TTT,14
T>C,ATA,13
T>C,ATC,7
T>C,ATG,4
T>C,ATT,7
T>C,CTA,2
T>C,CTC,10
T>C,CTG,8
T>C,CTT,29
T>C,GTA,5
T>C,GTC,6
T>C,GTG,7
T>C,GTT,8
T>C,TTA,6
T>C,TTC,12
T>C,TTG,2
T>C,TTT,14
T>G,ATA,7
T>G,ATC,2
T>G,ATG,1
T>G,ATT,14
T>G,CTA,1
T>G,CTC,4
T>G,CTG,1
T>G,CTT,25
T>G,GTA,0
T>G,GTC,2
T>G,GTG,11
T>G,GTT,9
T>G,TTA,1
T>G,TTC,2
T>G,TTG,2
T>G,TTT,18
